Kernel               , RAJA_OpenMP , Hand_Opt , LoopChain
GEN_LIN_RECUR,    5.950494 , 4.921128 ,  4.999568
FDTD_2D,    9.395545 , 8.714287 ,  8.745859
ENERGY,    6.648814 , 2.839676 ,  2.851197
PRESSURE,    8.195169 , 9.301086 ,  9.306673
