Kernel, RAJA_OpenMP , Hand_Opt , LoopChain
HYDRO_2D,    9.420154 , 9.015563 ,  9.932209
HEAT_3D,    4.047668 , 3.835228 ,  3.882002
JACOBI_1D,    8.450958 , 6.934130 ,  6.995374
JACOBI_2D,    0.170731 , 0.165587 ,  0.166680
